-- ============================================================================
-- HMS — Sample Seed Data
-- Run AFTER 01_schema.sql
-- ============================================================================
-- This script inserts realistic sample data for development and testing.
-- All UUIDs are deterministic for easy cross-referencing.
-- ============================================================================

-- ─────────────────────────────────────────────────────────────────────────────
-- 1. HOSPITALS
-- ─────────────────────────────────────────────────────────────────────────────
INSERT INTO hospitals (id, name, code, address_line_1, city, state_province, postal_code, country, phone, email, website, timezone, default_currency, tax_id, registration_number)
VALUES
    ('a0000000-0000-0000-0000-000000000001', 'HMS Core Hospital',   'HOSP01', '123 Medical Center Drive', 'New York',  'NY', '10001', 'USA', '+12125551234', 'admin@hmscore.com',   'https://hmscore.com',   'America/New_York', 'USD', 'TAX-001-NYC',  'REG-HC-2020'),
    ('a0000000-0000-0000-0000-000000000002', 'HMS Apollo Branch',   'HOSP02', '456 Healthcare Ave',       'Los Angeles','CA', '90001', 'USA', '+13105559876', 'admin@hmsapollo.com', 'https://hmsapollo.com', 'America/Los_Angeles','USD','TAX-002-LA',   'REG-HA-2021'),
    ('a0000000-0000-0000-0000-000000000003', 'HMS Max Branch',      'HOSP03', '789 Wellness Blvd',        'Chicago',   'IL', '60601', 'USA', '+13125554321', 'admin@hmsmax.com',    'https://hmsmax.com',    'America/Chicago',   'USD', 'TAX-003-CHI',  'REG-HM-2022');

-- ─────────────────────────────────────────────────────────────────────────────
-- 2. HOSPITAL SETTINGS
-- ─────────────────────────────────────────────────────────────────────────────
INSERT INTO hospital_settings (id, hospital_id, hospital_code, patient_id_start_number, staff_id_start_number, consultation_fee_default, follow_up_validity_days)
VALUES
    ('b0000000-0000-0000-0000-000000000001', 'a0000000-0000-0000-0000-000000000001', 'HC', 1, 1, 150.00, 7),
    ('b0000000-0000-0000-0000-000000000002', 'a0000000-0000-0000-0000-000000000002', 'HA', 1, 1, 200.00, 7),
    ('b0000000-0000-0000-0000-000000000003', 'a0000000-0000-0000-0000-000000000003', 'HM', 1, 1, 175.00, 7);

-- ─────────────────────────────────────────────────────────────────────────────
-- 3. DEPARTMENTS  (for HMS Core Hospital)
-- ─────────────────────────────────────────────────────────────────────────────
INSERT INTO departments (id, hospital_id, name, code, description, display_order)
VALUES
    ('c0000000-0000-0000-0000-000000000001', 'a0000000-0000-0000-0000-000000000001', 'General Medicine',   'GEN',  'General outpatient care',         1),
    ('c0000000-0000-0000-0000-000000000002', 'a0000000-0000-0000-0000-000000000001', 'Cardiology',         'CARD', 'Heart and vascular care',         2),
    ('c0000000-0000-0000-0000-000000000003', 'a0000000-0000-0000-0000-000000000001', 'Orthopedics',        'ORTH', 'Bone and joint care',             3),
    ('c0000000-0000-0000-0000-000000000004', 'a0000000-0000-0000-0000-000000000001', 'Pediatrics',         'PED',  'Child healthcare',                4),
    ('c0000000-0000-0000-0000-000000000005', 'a0000000-0000-0000-0000-000000000001', 'Ophthalmology',      'OPH',  'Eye care and optical services',   5),
    ('c0000000-0000-0000-0000-000000000006', 'a0000000-0000-0000-0000-000000000001', 'Dermatology',        'DERM', 'Skin care',                       6),
    ('c0000000-0000-0000-0000-000000000007', 'a0000000-0000-0000-0000-000000000001', 'ENT',                'ENT',  'Ear, nose, and throat',           7),
    ('c0000000-0000-0000-0000-000000000008', 'a0000000-0000-0000-0000-000000000001', 'Pharmacy',           'PHAR', 'Pharmaceutical services',         8),
    ('c0000000-0000-0000-0000-000000000009', 'a0000000-0000-0000-0000-000000000001', 'Laboratory',         'LAB',  'Pathology and diagnostics',       9),
    ('c0000000-0000-0000-0000-000000000010', 'a0000000-0000-0000-0000-000000000001', 'Radiology',          'RAD',  'Imaging and radiology services', 10);

-- ─────────────────────────────────────────────────────────────────────────────
-- 4. TAX CONFIGURATIONS
-- ─────────────────────────────────────────────────────────────────────────────
INSERT INTO tax_configurations (id, hospital_id, name, code, rate_percentage, applies_to, category, effective_from)
VALUES
    ('d0000000-0000-0000-0000-000000000001', 'a0000000-0000-0000-0000-000000000001', 'Sales Tax',     'ST',     8.875, 'product', 'state_tax',    '2025-01-01'),
    ('d0000000-0000-0000-0000-000000000002', 'a0000000-0000-0000-0000-000000000001', 'Service Tax',   'SVCTAX', 5.00,  'service', 'service_tax',  '2025-01-01'),
    ('d0000000-0000-0000-0000-000000000003', 'a0000000-0000-0000-0000-000000000001', 'GST 18%',       'GST18',  18.00, 'both',    'gst',          '2025-01-01'),
    ('d0000000-0000-0000-0000-000000000004', 'a0000000-0000-0000-0000-000000000001', 'GST 12%',       'GST12',  12.00, 'product', 'gst',          '2025-01-01'),
    ('d0000000-0000-0000-0000-000000000005', 'a0000000-0000-0000-0000-000000000001', 'GST 5%',        'GST5',    5.00, 'product', 'gst',          '2025-01-01');

-- ─────────────────────────────────────────────────────────────────────────────
-- 5. ROLES  (9 system roles)
-- ─────────────────────────────────────────────────────────────────────────────
INSERT INTO roles (id, hospital_id, name, display_name, description, is_system, is_active)
VALUES
    ('e0000000-0000-0000-0000-000000000001', NULL, 'super_admin',       'Super Administrator',  'Full system access across all hospitals',  true, true),
    ('e0000000-0000-0000-0000-000000000002', NULL, 'admin',             'Hospital Admin',       'Hospital-level administrative access',     true, true),
    ('e0000000-0000-0000-0000-000000000003', NULL, 'doctor',            'Doctor',               'Clinical and patient care access',         true, true),
    ('e0000000-0000-0000-0000-000000000004', NULL, 'receptionist',      'Receptionist',         'Front desk and appointment operations',    true, true),
    ('e0000000-0000-0000-0000-000000000005', NULL, 'pharmacist',        'Pharmacist',           'Pharmacy dispensing operations',            true, true),
    ('e0000000-0000-0000-0000-000000000006', NULL, 'optical_staff',     'Optical Staff',        'Optical store operations',                 true, true),
    ('e0000000-0000-0000-0000-000000000007', NULL, 'cashier',           'Cashier',              'Billing and payment operations',            true, true),
    ('e0000000-0000-0000-0000-000000000008', NULL, 'inventory_manager', 'Inventory Manager',    'Inventory and stock management',            true, true),
    ('e0000000-0000-0000-0000-000000000009', NULL, 'report_viewer',     'Report Viewer',        'Read-only access to reports',               true, true);

-- ─────────────────────────────────────────────────────────────────────────────
-- 6. PERMISSIONS  (CRUD per module)
-- ─────────────────────────────────────────────────────────────────────────────
INSERT INTO permissions (id, module, action, resource, description)
VALUES
    -- Patients
    ('f0000000-0000-0000-0000-000000000001', 'patients', 'create', 'patient',       'Register new patient'),
    ('f0000000-0000-0000-0000-000000000002', 'patients', 'read',   'patient',       'View patient details'),
    ('f0000000-0000-0000-0000-000000000003', 'patients', 'update', 'patient',       'Edit patient information'),
    ('f0000000-0000-0000-0000-000000000004', 'patients', 'delete', 'patient',       'Delete (soft) patient'),
    ('f0000000-0000-0000-0000-000000000005', 'patients', 'export', 'patient',       'Export patient data'),
    -- Appointments
    ('f0000000-0000-0000-0000-000000000006', 'appointments', 'create', 'appointment',  'Create appointment'),
    ('f0000000-0000-0000-0000-000000000007', 'appointments', 'read',   'appointment',  'View appointments'),
    ('f0000000-0000-0000-0000-000000000008', 'appointments', 'update', 'appointment',  'Update appointment'),
    ('f0000000-0000-0000-0000-000000000009', 'appointments', 'delete', 'appointment',  'Cancel appointment'),
    -- Prescriptions
    ('f0000000-0000-0000-0000-000000000010', 'prescriptions', 'create', 'prescription', 'Create prescription'),
    ('f0000000-0000-0000-0000-000000000011', 'prescriptions', 'read',   'prescription', 'View prescription'),
    ('f0000000-0000-0000-0000-000000000012', 'prescriptions', 'update', 'prescription', 'Edit prescription'),
    -- Pharmacy
    ('f0000000-0000-0000-0000-000000000013', 'pharmacy', 'create', 'dispensing',    'Dispense medicines'),
    ('f0000000-0000-0000-0000-000000000014', 'pharmacy', 'read',   'dispensing',    'View pharmacy records'),
    ('f0000000-0000-0000-0000-000000000015', 'pharmacy', 'create', 'medicine',      'Add medicine to formulary'),
    ('f0000000-0000-0000-0000-000000000016', 'pharmacy', 'update', 'medicine',      'Edit medicine details'),
    -- Billing
    ('f0000000-0000-0000-0000-000000000017', 'billing', 'create', 'invoice',       'Create invoice'),
    ('f0000000-0000-0000-0000-000000000018', 'billing', 'read',   'invoice',       'View invoices'),
    ('f0000000-0000-0000-0000-000000000019', 'billing', 'update', 'invoice',       'Edit invoice'),
    ('f0000000-0000-0000-0000-000000000020', 'billing', 'create', 'payment',       'Record payment'),
    ('f0000000-0000-0000-0000-000000000021', 'billing', 'approve','refund',        'Approve refund'),
    -- Inventory
    ('f0000000-0000-0000-0000-000000000022', 'inventory', 'create', 'purchase_order','Create purchase order'),
    ('f0000000-0000-0000-0000-000000000023', 'inventory', 'read',   'stock',          'View stock levels'),
    ('f0000000-0000-0000-0000-000000000024', 'inventory', 'update', 'stock',          'Adjust stock'),
    ('f0000000-0000-0000-0000-000000000025', 'inventory', 'approve','adjustment',     'Approve stock adjustment'),
    -- Reports
    ('f0000000-0000-0000-0000-000000000026', 'reports', 'read', 'dashboard',   'View dashboard'),
    ('f0000000-0000-0000-0000-000000000027', 'reports', 'read', 'report',      'View reports'),
    ('f0000000-0000-0000-0000-000000000028', 'reports', 'export','report',     'Export reports'),
    -- Administration
    ('f0000000-0000-0000-0000-000000000029', 'admin', 'create', 'user',    'Create user account'),
    ('f0000000-0000-0000-0000-000000000030', 'admin', 'update', 'user',    'Edit user'),
    ('f0000000-0000-0000-0000-000000000031', 'admin', 'delete', 'user',    'Deactivate user'),
    ('f0000000-0000-0000-0000-000000000032', 'admin', 'create', 'role',    'Create role'),
    ('f0000000-0000-0000-0000-000000000033', 'admin', 'update', 'setting', 'Update hospital settings'),
    -- Optical
    ('f0000000-0000-0000-0000-000000000034', 'optical', 'create', 'order',        'Create optical order'),
    ('f0000000-0000-0000-0000-000000000035', 'optical', 'read',   'order',        'View optical orders'),
    ('f0000000-0000-0000-0000-000000000036', 'optical', 'create', 'prescription', 'Create optical prescription'),
    ('f0000000-0000-0000-0000-000000000037', 'optical', 'update', 'product',      'Manage optical products');

-- ─────────────────────────────────────────────────────────────────────────────
-- 7. ROLE-PERMISSION MAPPINGS
-- ─────────────────────────────────────────────────────────────────────────────

-- Super Admin gets ALL permissions
INSERT INTO role_permissions (role_id, permission_id)
SELECT 'e0000000-0000-0000-0000-000000000001', id FROM permissions;

-- Admin gets most permissions (exclude super admin-only like delete user)
INSERT INTO role_permissions (role_id, permission_id)
SELECT 'e0000000-0000-0000-0000-000000000002', id FROM permissions
WHERE module IN ('patients','appointments','prescriptions','pharmacy','billing','reports','admin','optical','inventory');

-- Doctor
INSERT INTO role_permissions (role_id, permission_id)
VALUES
    ('e0000000-0000-0000-0000-000000000003', 'f0000000-0000-0000-0000-000000000002'), -- read patient
    ('e0000000-0000-0000-0000-000000000003', 'f0000000-0000-0000-0000-000000000003'), -- update patient
    ('e0000000-0000-0000-0000-000000000003', 'f0000000-0000-0000-0000-000000000007'), -- read appointment
    ('e0000000-0000-0000-0000-000000000003', 'f0000000-0000-0000-0000-000000000008'), -- update appointment
    ('e0000000-0000-0000-0000-000000000003', 'f0000000-0000-0000-0000-000000000010'), -- create prescription
    ('e0000000-0000-0000-0000-000000000003', 'f0000000-0000-0000-0000-000000000011'), -- read prescription
    ('e0000000-0000-0000-0000-000000000003', 'f0000000-0000-0000-0000-000000000012'), -- update prescription
    ('e0000000-0000-0000-0000-000000000003', 'f0000000-0000-0000-0000-000000000026'), -- view dashboard
    ('e0000000-0000-0000-0000-000000000003', 'f0000000-0000-0000-0000-000000000036'); -- create optical rx

-- Receptionist
INSERT INTO role_permissions (role_id, permission_id)
VALUES
    ('e0000000-0000-0000-0000-000000000004', 'f0000000-0000-0000-0000-000000000001'), -- create patient
    ('e0000000-0000-0000-0000-000000000004', 'f0000000-0000-0000-0000-000000000002'), -- read patient
    ('e0000000-0000-0000-0000-000000000004', 'f0000000-0000-0000-0000-000000000003'), -- update patient
    ('e0000000-0000-0000-0000-000000000004', 'f0000000-0000-0000-0000-000000000006'), -- create appointment
    ('e0000000-0000-0000-0000-000000000004', 'f0000000-0000-0000-0000-000000000007'), -- read appointment
    ('e0000000-0000-0000-0000-000000000004', 'f0000000-0000-0000-0000-000000000008'), -- update appointment
    ('e0000000-0000-0000-0000-000000000004', 'f0000000-0000-0000-0000-000000000009'), -- cancel appointment
    ('e0000000-0000-0000-0000-000000000004', 'f0000000-0000-0000-0000-000000000026'); -- view dashboard

-- Pharmacist
INSERT INTO role_permissions (role_id, permission_id)
VALUES
    ('e0000000-0000-0000-0000-000000000005', 'f0000000-0000-0000-0000-000000000002'), -- read patient
    ('e0000000-0000-0000-0000-000000000005', 'f0000000-0000-0000-0000-000000000011'), -- read prescription
    ('e0000000-0000-0000-0000-000000000005', 'f0000000-0000-0000-0000-000000000013'), -- dispense
    ('e0000000-0000-0000-0000-000000000005', 'f0000000-0000-0000-0000-000000000014'), -- read pharmacy
    ('e0000000-0000-0000-0000-000000000005', 'f0000000-0000-0000-0000-000000000015'), -- add medicine
    ('e0000000-0000-0000-0000-000000000005', 'f0000000-0000-0000-0000-000000000016'), -- edit medicine
    ('e0000000-0000-0000-0000-000000000005', 'f0000000-0000-0000-0000-000000000023'), -- view stock
    ('e0000000-0000-0000-0000-000000000005', 'f0000000-0000-0000-0000-000000000026'); -- view dashboard

-- Cashier
INSERT INTO role_permissions (role_id, permission_id)
VALUES
    ('e0000000-0000-0000-0000-000000000007', 'f0000000-0000-0000-0000-000000000002'), -- read patient
    ('e0000000-0000-0000-0000-000000000007', 'f0000000-0000-0000-0000-000000000017'), -- create invoice
    ('e0000000-0000-0000-0000-000000000007', 'f0000000-0000-0000-0000-000000000018'), -- read invoice
    ('e0000000-0000-0000-0000-000000000007', 'f0000000-0000-0000-0000-000000000019'), -- edit invoice
    ('e0000000-0000-0000-0000-000000000007', 'f0000000-0000-0000-0000-000000000020'), -- record payment
    ('e0000000-0000-0000-0000-000000000007', 'f0000000-0000-0000-0000-000000000026'); -- view dashboard

-- Inventory Manager
INSERT INTO role_permissions (role_id, permission_id)
VALUES
    ('e0000000-0000-0000-0000-000000000008', 'f0000000-0000-0000-0000-000000000015'), -- add medicine
    ('e0000000-0000-0000-0000-000000000008', 'f0000000-0000-0000-0000-000000000016'), -- edit medicine
    ('e0000000-0000-0000-0000-000000000008', 'f0000000-0000-0000-0000-000000000022'), -- create PO
    ('e0000000-0000-0000-0000-000000000008', 'f0000000-0000-0000-0000-000000000023'), -- view stock
    ('e0000000-0000-0000-0000-000000000008', 'f0000000-0000-0000-0000-000000000024'), -- adjust stock
    ('e0000000-0000-0000-0000-000000000008', 'f0000000-0000-0000-0000-000000000025'), -- approve adjustment
    ('e0000000-0000-0000-0000-000000000008', 'f0000000-0000-0000-0000-000000000037'), -- manage optical products
    ('e0000000-0000-0000-0000-000000000008', 'f0000000-0000-0000-0000-000000000026'); -- view dashboard

-- Report Viewer
INSERT INTO role_permissions (role_id, permission_id)
VALUES
    ('e0000000-0000-0000-0000-000000000009', 'f0000000-0000-0000-0000-000000000026'), -- dashboard
    ('e0000000-0000-0000-0000-000000000009', 'f0000000-0000-0000-0000-000000000027'), -- view reports
    ('e0000000-0000-0000-0000-000000000009', 'f0000000-0000-0000-0000-000000000028'); -- export reports

-- ─────────────────────────────────────────────────────────────────────────────
-- 8. USERS  (Super Admin + sample staff)
--    Password: "Admin@123" → bcrypt hash below
--    Reference numbers: 12-digit HMS IDs
-- ─────────────────────────────────────────────────────────────────────────────
-- bcrypt hash for "Admin@123":
-- $2b$12$LJ3m4ys3Lk0TSwHjfM3vWOvMPJ5bPJVGqL7vN.Lm0xkDQHyGHyGa

INSERT INTO users (id, hospital_id, reference_number, email, username, password_hash, first_name, last_name, phone, is_active, must_change_password)
VALUES
    -- Super Admin
    ('10000000-0000-0000-0000-000000000001', 'a0000000-0000-0000-0000-000000000001',
     'HCA261X00001',
     'superadmin@hmscore.com', 'superadmin',
     '$2b$12$LJ3m4ys3Lk0TSwHjfM3vWOvMPJ5bPJVGqL7vN.Lm0xkDQHyGHyGa',
     'System', 'Administrator', '+12125550001', true, false),

    -- Hospital Admin
    ('10000000-0000-0000-0000-000000000002', 'a0000000-0000-0000-0000-000000000001',
     'HCA261X00002',
     'admin@hmscore.com', 'hospadmin',
     '$2b$12$LJ3m4ys3Lk0TSwHjfM3vWOvMPJ5bPJVGqL7vN.Lm0xkDQHyGHyGa',
     'Hospital', 'Admin', '+12125550002', true, true),

    -- Doctor 1 — General Medicine
    ('10000000-0000-0000-0000-000000000003', 'a0000000-0000-0000-0000-000000000001',
     'HCD261X00003',
     'dr.smith@hmscore.com', 'dr.smith',
     '$2b$12$LJ3m4ys3Lk0TSwHjfM3vWOvMPJ5bPJVGqL7vN.Lm0xkDQHyGHyGa',
     'John', 'Smith', '+12125550003', true, true),

    -- Doctor 2 — Cardiology
    ('10000000-0000-0000-0000-000000000004', 'a0000000-0000-0000-0000-000000000001',
     'HCD261X00004',
     'dr.patel@hmscore.com', 'dr.patel',
     '$2b$12$LJ3m4ys3Lk0TSwHjfM3vWOvMPJ5bPJVGqL7vN.Lm0xkDQHyGHyGa',
     'Arun', 'Patel', '+12125550004', true, true),

    -- Doctor 3 — Ophthalmology
    ('10000000-0000-0000-0000-000000000005', 'a0000000-0000-0000-0000-000000000001',
     'HCD261X00005',
     'dr.lee@hmscore.com', 'dr.lee',
     '$2b$12$LJ3m4ys3Lk0TSwHjfM3vWOvMPJ5bPJVGqL7vN.Lm0xkDQHyGHyGa',
     'Sarah', 'Lee', '+12125550005', true, true),

    -- Receptionist
    ('10000000-0000-0000-0000-000000000006', 'a0000000-0000-0000-0000-000000000001',
     'HCS261X00006',
     'reception@hmscore.com', 'reception1',
     '$2b$12$LJ3m4ys3Lk0TSwHjfM3vWOvMPJ5bPJVGqL7vN.Lm0xkDQHyGHyGa',
     'Emily', 'Davis', '+12125550006', true, true),

    -- Pharmacist
    ('10000000-0000-0000-0000-000000000007', 'a0000000-0000-0000-0000-000000000001',
     'HCP261X00007',
     'pharma@hmscore.com', 'pharmacist1',
     '$2b$12$LJ3m4ys3Lk0TSwHjfM3vWOvMPJ5bPJVGqL7vN.Lm0xkDQHyGHyGa',
     'Michael', 'Brown', '+12125550007', true, true),

    -- Cashier
    ('10000000-0000-0000-0000-000000000008', 'a0000000-0000-0000-0000-000000000001',
     'HCS261X00008',
     'cashier@hmscore.com', 'cashier1',
     '$2b$12$LJ3m4ys3Lk0TSwHjfM3vWOvMPJ5bPJVGqL7vN.Lm0xkDQHyGHyGa',
     'Jessica', 'Wilson', '+12125550008', true, true),

    -- Optical Staff
    ('10000000-0000-0000-0000-000000000009', 'a0000000-0000-0000-0000-000000000001',
     'HCS261X00009',
     'optical@hmscore.com', 'optical1',
     '$2b$12$LJ3m4ys3Lk0TSwHjfM3vWOvMPJ5bPJVGqL7vN.Lm0xkDQHyGHyGa',
     'David', 'Martinez', '+12125550009', true, true),

    -- Inventory Manager
    ('10000000-0000-0000-0000-000000000010', 'a0000000-0000-0000-0000-000000000001',
     'HCS261X00010',
     'inventory@hmscore.com', 'inventory1',
     '$2b$12$LJ3m4ys3Lk0TSwHjfM3vWOvMPJ5bPJVGqL7vN.Lm0xkDQHyGHyGa',
     'Robert', 'Taylor', '+12125550010', true, true);

-- ─────────────────────────────────────────────────────────────────────────────
-- 9. USER-ROLE ASSIGNMENTS
-- ─────────────────────────────────────────────────────────────────────────────
INSERT INTO user_roles (user_id, role_id, assigned_by)
VALUES
    ('10000000-0000-0000-0000-000000000001', 'e0000000-0000-0000-0000-000000000001', NULL),             -- Super Admin
    ('10000000-0000-0000-0000-000000000002', 'e0000000-0000-0000-0000-000000000002', '10000000-0000-0000-0000-000000000001'), -- Admin
    ('10000000-0000-0000-0000-000000000003', 'e0000000-0000-0000-0000-000000000003', '10000000-0000-0000-0000-000000000001'), -- Doctor
    ('10000000-0000-0000-0000-000000000004', 'e0000000-0000-0000-0000-000000000003', '10000000-0000-0000-0000-000000000001'), -- Doctor
    ('10000000-0000-0000-0000-000000000005', 'e0000000-0000-0000-0000-000000000003', '10000000-0000-0000-0000-000000000001'), -- Doctor
    ('10000000-0000-0000-0000-000000000006', 'e0000000-0000-0000-0000-000000000004', '10000000-0000-0000-0000-000000000001'), -- Receptionist
    ('10000000-0000-0000-0000-000000000007', 'e0000000-0000-0000-0000-000000000005', '10000000-0000-0000-0000-000000000001'), -- Pharmacist
    ('10000000-0000-0000-0000-000000000008', 'e0000000-0000-0000-0000-000000000007', '10000000-0000-0000-0000-000000000001'), -- Cashier
    ('10000000-0000-0000-0000-000000000009', 'e0000000-0000-0000-0000-000000000006', '10000000-0000-0000-0000-000000000001'), -- Optical Staff
    ('10000000-0000-0000-0000-000000000010', 'e0000000-0000-0000-0000-000000000008', '10000000-0000-0000-0000-000000000001'); -- Inventory Mgr

-- ─────────────────────────────────────────────────────────────────────────────
-- 10. DOCTORS
-- ─────────────────────────────────────────────────────────────────────────────
INSERT INTO doctors (id, user_id, hospital_id, department_id, specialization, qualification, registration_number, registration_authority, experience_years, consultation_fee, follow_up_fee, doctor_sequence, created_by)
VALUES
    ('20000000-0000-0000-0000-000000000001', '10000000-0000-0000-0000-000000000003', 'a0000000-0000-0000-0000-000000000001',
     'c0000000-0000-0000-0000-000000000001', 'General Medicine', 'MBBS, MD', 'MED-NY-10001', 'NY State Medical Board', 15,
     150.00, 75.00, 1, '10000000-0000-0000-0000-000000000001'),
    ('20000000-0000-0000-0000-000000000002', '10000000-0000-0000-0000-000000000004', 'a0000000-0000-0000-0000-000000000001',
     'c0000000-0000-0000-0000-000000000002', 'Cardiology', 'MBBS, MD, DM Cardiology', 'MED-NY-10002', 'NY State Medical Board', 20,
     300.00, 150.00, 1, '10000000-0000-0000-0000-000000000001'),
    ('20000000-0000-0000-0000-000000000003', '10000000-0000-0000-0000-000000000005', 'a0000000-0000-0000-0000-000000000001',
     'c0000000-0000-0000-0000-000000000005', 'Ophthalmology', 'MBBS, MS Ophthalmology', 'MED-NY-10003', 'NY State Medical Board', 12,
     250.00, 125.00, 1, '10000000-0000-0000-0000-000000000001');

-- Set department heads
UPDATE departments SET head_doctor_id = '20000000-0000-0000-0000-000000000001' WHERE id = 'c0000000-0000-0000-0000-000000000001';
UPDATE departments SET head_doctor_id = '20000000-0000-0000-0000-000000000002' WHERE id = 'c0000000-0000-0000-0000-000000000002';
UPDATE departments SET head_doctor_id = '20000000-0000-0000-0000-000000000003' WHERE id = 'c0000000-0000-0000-0000-000000000005';

-- ─────────────────────────────────────────────────────────────────────────────
-- 11. DOCTOR SCHEDULES  (Mon-Fri for each doctor)
-- ─────────────────────────────────────────────────────────────────────────────
INSERT INTO doctor_schedules (doctor_id, day_of_week, start_time, end_time, break_start_time, break_end_time, slot_duration_minutes, max_patients, effective_from)
VALUES
    -- Dr. Smith (General Medicine) — Mon-Fri
    ('20000000-0000-0000-0000-000000000001', 1, '09:00', '13:00', '11:00', '11:15', 15, 16, '2026-01-01'),
    ('20000000-0000-0000-0000-000000000001', 2, '09:00', '13:00', '11:00', '11:15', 15, 16, '2026-01-01'),
    ('20000000-0000-0000-0000-000000000001', 3, '09:00', '13:00', '11:00', '11:15', 15, 16, '2026-01-01'),
    ('20000000-0000-0000-0000-000000000001', 4, '09:00', '13:00', '11:00', '11:15', 15, 16, '2026-01-01'),
    ('20000000-0000-0000-0000-000000000001', 5, '09:00', '13:00', '11:00', '11:15', 15, 16, '2026-01-01'),
    -- Afternoon shift
    ('20000000-0000-0000-0000-000000000001', 1, '14:00', '17:00', NULL, NULL, 15, 12, '2026-01-01'),
    ('20000000-0000-0000-0000-000000000001', 2, '14:00', '17:00', NULL, NULL, 15, 12, '2026-01-01'),
    ('20000000-0000-0000-0000-000000000001', 3, '14:00', '17:00', NULL, NULL, 15, 12, '2026-01-01'),
    ('20000000-0000-0000-0000-000000000001', 4, '14:00', '17:00', NULL, NULL, 15, 12, '2026-01-01'),
    ('20000000-0000-0000-0000-000000000001', 5, '14:00', '17:00', NULL, NULL, 15, 12, '2026-01-01'),
    -- Dr. Patel (Cardiology) — Mon-Sat
    ('20000000-0000-0000-0000-000000000002', 1, '10:00', '14:00', '12:00', '12:30', 20, 12, '2026-01-01'),
    ('20000000-0000-0000-0000-000000000002', 2, '10:00', '14:00', '12:00', '12:30', 20, 12, '2026-01-01'),
    ('20000000-0000-0000-0000-000000000002', 3, '10:00', '14:00', '12:00', '12:30', 20, 12, '2026-01-01'),
    ('20000000-0000-0000-0000-000000000002', 4, '10:00', '14:00', '12:00', '12:30', 20, 12, '2026-01-01'),
    ('20000000-0000-0000-0000-000000000002', 5, '10:00', '14:00', '12:00', '12:30', 20, 12, '2026-01-01'),
    ('20000000-0000-0000-0000-000000000002', 6, '10:00', '13:00', NULL,    NULL,    20, 9,  '2026-01-01'),
    -- Dr. Lee (Ophthalmology) — Mon-Fri
    ('20000000-0000-0000-0000-000000000003', 1, '09:00', '12:00', NULL, NULL, 20, 9, '2026-01-01'),
    ('20000000-0000-0000-0000-000000000003', 2, '09:00', '12:00', NULL, NULL, 20, 9, '2026-01-01'),
    ('20000000-0000-0000-0000-000000000003', 3, '09:00', '12:00', NULL, NULL, 20, 9, '2026-01-01'),
    ('20000000-0000-0000-0000-000000000003', 4, '09:00', '12:00', NULL, NULL, 20, 9, '2026-01-01'),
    ('20000000-0000-0000-0000-000000000003', 5, '09:00', '12:00', NULL, NULL, 20, 9, '2026-01-01'),
    ('20000000-0000-0000-0000-000000000003', 1, '15:00', '18:00', NULL, NULL, 20, 9, '2026-01-01'),
    ('20000000-0000-0000-0000-000000000003', 3, '15:00', '18:00', NULL, NULL, 20, 9, '2026-01-01'),
    ('20000000-0000-0000-0000-000000000003', 5, '15:00', '18:00', NULL, NULL, 20, 9, '2026-01-01');

-- ─────────────────────────────────────────────────────────────────────────────
-- 12. DOCTOR FEES
-- ─────────────────────────────────────────────────────────────────────────────
INSERT INTO doctor_fees (doctor_id, fee_type, service_name, amount, effective_from)
VALUES
    ('20000000-0000-0000-0000-000000000001', 'consultation', 'General Consultation',  150.00, '2026-01-01'),
    ('20000000-0000-0000-0000-000000000001', 'follow_up',    'Follow-up Visit',        75.00, '2026-01-01'),
    ('20000000-0000-0000-0000-000000000002', 'consultation', 'Cardiology Consultation',300.00, '2026-01-01'),
    ('20000000-0000-0000-0000-000000000002', 'follow_up',    'Cardiology Follow-up',  150.00, '2026-01-01'),
    ('20000000-0000-0000-0000-000000000002', 'procedure',    'ECG',                    100.00, '2026-01-01'),
    ('20000000-0000-0000-0000-000000000002', 'procedure',    'Echocardiogram',         500.00, '2026-01-01'),
    ('20000000-0000-0000-0000-000000000003', 'consultation', 'Eye Examination',        250.00, '2026-01-01'),
    ('20000000-0000-0000-0000-000000000003', 'follow_up',    'Eye Follow-up',          125.00, '2026-01-01'),
    ('20000000-0000-0000-0000-000000000003', 'procedure',    'Refraction Test',         80.00, '2026-01-01');

-- ─────────────────────────────────────────────────────────────────────────────
-- 13. PATIENTS  (5 sample patients)
-- ─────────────────────────────────────────────────────────────────────────────
INSERT INTO patients (id, hospital_id, patient_reference_number, first_name, last_name, date_of_birth, gender, blood_group, marital_status, phone_country_code, phone_number, email, address_line_1, city, state_province, postal_code, country, emergency_contact_name, emergency_contact_phone, emergency_contact_relation, created_by)
VALUES
    ('30000000-0000-0000-0000-000000000001', 'a0000000-0000-0000-0000-000000000001',
     'HCM262K00147', 'Rajesh', 'Kumar', '1990-05-15', 'male', 'B+', 'married',
     '+1', '2125551001', 'rajesh.kumar@email.com',
     '100 Park Ave', 'New York', 'NY', '10017', 'USA',
     'Priya Kumar', '+12125551002', 'spouse',
     '10000000-0000-0000-0000-000000000006'),

    ('30000000-0000-0000-0000-000000000002', 'a0000000-0000-0000-0000-000000000001',
     'HCF261T00002', 'Priya', 'Sharma', '1985-11-22', 'female', 'O+', 'single',
     '+1', '2125551003', 'priya.sharma@email.com',
     '200 Broadway', 'New York', 'NY', '10007', 'USA',
     'Vikram Sharma', '+12125551004', 'brother',
     '10000000-0000-0000-0000-000000000006'),

    ('30000000-0000-0000-0000-000000000003', 'a0000000-0000-0000-0000-000000000001',
     'HCM261K00003', 'Alex', 'Johnson', '1978-03-08', 'male', 'A-', 'married',
     '+1', '2125551005', 'alex.johnson@email.com',
     '300 5th Ave', 'New York', 'NY', '10016', 'USA',
     'Maria Johnson', '+12125551006', 'spouse',
     '10000000-0000-0000-0000-000000000006'),

    ('30000000-0000-0000-0000-000000000004', 'a0000000-0000-0000-0000-000000000001',
     'HCF262T00004', 'Emily', 'Chen', '1995-07-30', 'female', 'AB+', 'single',
     '+1', '2125551007', 'emily.chen@email.com',
     '400 Lexington Ave', 'New York', 'NY', '10170', 'USA',
     'David Chen', '+12125551008', 'father',
     '10000000-0000-0000-0000-000000000006'),

    ('30000000-0000-0000-0000-000000000005', 'a0000000-0000-0000-0000-000000000001',
     'HCM263K00005', 'James', 'Williams', '2000-12-01', 'male', 'O-', 'single',
     '+1', '2125551009', 'james.williams@email.com',
     '500 Madison Ave', 'New York', 'NY', '10022', 'USA',
     'Susan Williams', '+12125551010', 'mother',
     '10000000-0000-0000-0000-000000000006');

-- ─────────────────────────────────────────────────────────────────────────────
-- 14. APPOINTMENTS  (sample bookings)
-- ─────────────────────────────────────────────────────────────────────────────
INSERT INTO appointments (id, hospital_id, appointment_number, patient_id, doctor_id, department_id, appointment_date, start_time, end_time, appointment_type, visit_type, status, chief_complaint, consultation_fee, created_by)
VALUES
    ('40000000-0000-0000-0000-000000000001', 'a0000000-0000-0000-0000-000000000001',
     'APT-2026-00001', '30000000-0000-0000-0000-000000000001', '20000000-0000-0000-0000-000000000001',
     'c0000000-0000-0000-0000-000000000001', '2026-02-15', '09:00', '09:15',
     'scheduled', 'new', 'completed', 'Persistent headache and fever', 150.00,
     '10000000-0000-0000-0000-000000000006'),

    ('40000000-0000-0000-0000-000000000002', 'a0000000-0000-0000-0000-000000000001',
     'APT-2026-00002', '30000000-0000-0000-0000-000000000002', '20000000-0000-0000-0000-000000000002',
     'c0000000-0000-0000-0000-000000000002', '2026-02-15', '10:00', '10:20',
     'scheduled', 'new', 'completed', 'Chest pain and shortness of breath', 300.00,
     '10000000-0000-0000-0000-000000000006'),

    ('40000000-0000-0000-0000-000000000003', 'a0000000-0000-0000-0000-000000000001',
     'APT-2026-00003', '30000000-0000-0000-0000-000000000003', '20000000-0000-0000-0000-000000000003',
     'c0000000-0000-0000-0000-000000000005', '2026-02-16', '09:00', '09:20',
     'scheduled', 'new', 'scheduled', 'Blurry vision', 250.00,
     '10000000-0000-0000-0000-000000000006'),

    ('40000000-0000-0000-0000-000000000004', 'a0000000-0000-0000-0000-000000000001',
     'APT-2026-00004', '30000000-0000-0000-0000-000000000001', '20000000-0000-0000-0000-000000000001',
     'c0000000-0000-0000-0000-000000000001', '2026-02-22', '09:00', '09:15',
     'follow_up', 'follow_up', 'scheduled', 'Follow-up for headache', 75.00,
     '10000000-0000-0000-0000-000000000006'),

    ('40000000-0000-0000-0000-000000000005', 'a0000000-0000-0000-0000-000000000001',
     'APT-2026-00005', '30000000-0000-0000-0000-000000000004', '20000000-0000-0000-0000-000000000001',
     'c0000000-0000-0000-0000-000000000001', '2026-02-16', '09:15', '09:30',
     'walk_in', 'new', 'completed', 'Sore throat and cough', 150.00,
     '10000000-0000-0000-0000-000000000006');

-- ─────────────────────────────────────────────────────────────────────────────
-- 15. APPOINTMENT STATUS LOG
-- ─────────────────────────────────────────────────────────────────────────────
INSERT INTO appointment_status_log (appointment_id, from_status, to_status, changed_by)
VALUES
    ('40000000-0000-0000-0000-000000000001', NULL,         'scheduled',  '10000000-0000-0000-0000-000000000006'),
    ('40000000-0000-0000-0000-000000000001', 'scheduled',  'checked_in', '10000000-0000-0000-0000-000000000006'),
    ('40000000-0000-0000-0000-000000000001', 'checked_in', 'with_doctor','10000000-0000-0000-0000-000000000003'),
    ('40000000-0000-0000-0000-000000000001', 'with_doctor','completed',  '10000000-0000-0000-0000-000000000003'),
    ('40000000-0000-0000-0000-000000000002', NULL,         'scheduled',  '10000000-0000-0000-0000-000000000006'),
    ('40000000-0000-0000-0000-000000000002', 'scheduled',  'checked_in', '10000000-0000-0000-0000-000000000006'),
    ('40000000-0000-0000-0000-000000000002', 'checked_in', 'with_doctor','10000000-0000-0000-0000-000000000004'),
    ('40000000-0000-0000-0000-000000000002', 'with_doctor','completed',  '10000000-0000-0000-0000-000000000004');

-- ─────────────────────────────────────────────────────────────────────────────
-- 16. MEDICINES  (sample formulary)
-- ─────────────────────────────────────────────────────────────────────────────
INSERT INTO medicines (id, hospital_id, name, generic_name, category, manufacturer, strength, unit_of_measure, units_per_pack, selling_price, purchase_price, tax_config_id, reorder_level)
VALUES
    ('50000000-0000-0000-0000-000000000001', 'a0000000-0000-0000-0000-000000000001',
     'Paracetamol 500mg', 'Paracetamol', 'tablet', 'PharmaCorp', '500mg', 'strip', 10,
     5.00, 3.00, 'd0000000-0000-0000-0000-000000000005', 50),

    ('50000000-0000-0000-0000-000000000002', 'a0000000-0000-0000-0000-000000000001',
     'Amoxicillin 250mg', 'Amoxicillin', 'capsule', 'MedLife', '250mg', 'strip', 10,
     12.00, 7.50, 'd0000000-0000-0000-0000-000000000005', 30),

    ('50000000-0000-0000-0000-000000000003', 'a0000000-0000-0000-0000-000000000001',
     'Omeprazole 20mg', 'Omeprazole', 'capsule', 'GastroMed', '20mg', 'strip', 14,
     8.00, 4.50, 'd0000000-0000-0000-0000-000000000005', 40),

    ('50000000-0000-0000-0000-000000000004', 'a0000000-0000-0000-0000-000000000001',
     'Atorvastatin 10mg', 'Atorvastatin', 'tablet', 'HeartPharma', '10mg', 'strip', 10,
     15.00, 9.00, 'd0000000-0000-0000-0000-000000000005', 25),

    ('50000000-0000-0000-0000-000000000005', 'a0000000-0000-0000-0000-000000000001',
     'Metformin 500mg', 'Metformin', 'tablet', 'DiabeCare', '500mg', 'strip', 10,
     6.00, 3.50, 'd0000000-0000-0000-0000-000000000005', 50),

    ('50000000-0000-0000-0000-000000000006', 'a0000000-0000-0000-0000-000000000001',
     'Ciprofloxacin 500mg', 'Ciprofloxacin', 'tablet', 'AntiBioMed', '500mg', 'strip', 10,
     18.00, 11.00, 'd0000000-0000-0000-0000-000000000005', 20),

    ('50000000-0000-0000-0000-000000000007', 'a0000000-0000-0000-0000-000000000001',
     'Cetirizine 10mg', 'Cetirizine', 'tablet', 'AllergyFree', '10mg', 'strip', 10,
     4.00, 2.00, 'd0000000-0000-0000-0000-000000000005', 40),

    ('50000000-0000-0000-0000-000000000008', 'a0000000-0000-0000-0000-000000000001',
     'Ibuprofen 400mg', 'Ibuprofen', 'tablet', 'PainRelief Inc', '400mg', 'strip', 10,
     6.50, 4.00, 'd0000000-0000-0000-0000-000000000005', 40),

    ('50000000-0000-0000-0000-000000000009', 'a0000000-0000-0000-0000-000000000001',
     'Cough Syrup DX', 'Dextromethorphan', 'syrup', 'CoughCare', '100ml', 'bottle', 1,
     8.50, 5.00, 'd0000000-0000-0000-0000-000000000005', 20),

    ('50000000-0000-0000-0000-000000000010', 'a0000000-0000-0000-0000-000000000001',
     'Eye Drops Moxifloxacin', 'Moxifloxacin', 'drops', 'EyeCare Pharma', '5ml', 'bottle', 1,
     12.00, 7.00, 'd0000000-0000-0000-0000-000000000005', 15);

-- ─────────────────────────────────────────────────────────────────────────────
-- 17. MEDICINE BATCHES
-- ─────────────────────────────────────────────────────────────────────────────
INSERT INTO medicine_batches (id, medicine_id, batch_number, manufactured_date, expiry_date, purchase_price, selling_price, initial_quantity, current_quantity)
VALUES
    ('51000000-0000-0000-0000-000000000001', '50000000-0000-0000-0000-000000000001', 'BAT-PARA-001', '2025-06-01', '2027-06-01', 3.00, 5.00,  500, 480),
    ('51000000-0000-0000-0000-000000000002', '50000000-0000-0000-0000-000000000002', 'BAT-AMOX-001', '2025-07-01', '2027-07-01', 7.50, 12.00, 300, 275),
    ('51000000-0000-0000-0000-000000000003', '50000000-0000-0000-0000-000000000003', 'BAT-OMEP-001', '2025-08-01', '2027-08-01', 4.50, 8.00,  400, 390),
    ('51000000-0000-0000-0000-000000000004', '50000000-0000-0000-0000-000000000004', 'BAT-ATOR-001', '2025-05-01', '2027-05-01', 9.00, 15.00, 200, 185),
    ('51000000-0000-0000-0000-000000000005', '50000000-0000-0000-0000-000000000005', 'BAT-METF-001', '2025-09-01', '2027-09-01', 3.50, 6.00,  500, 470),
    ('51000000-0000-0000-0000-000000000006', '50000000-0000-0000-0000-000000000006', 'BAT-CIPR-001', '2025-04-01', '2027-04-01', 11.00,18.00, 200, 188),
    ('51000000-0000-0000-0000-000000000007', '50000000-0000-0000-0000-000000000007', 'BAT-CETI-001', '2025-10-01', '2027-10-01', 2.00, 4.00,  600, 580),
    ('51000000-0000-0000-0000-000000000008', '50000000-0000-0000-0000-000000000008', 'BAT-IBUP-001', '2025-03-01', '2027-03-01', 4.00, 6.50,  400, 370),
    ('51000000-0000-0000-0000-000000000009', '50000000-0000-0000-0000-000000000009', 'BAT-COUG-001', '2025-11-01', '2027-11-01', 5.00, 8.50,  150, 140),
    ('51000000-0000-0000-0000-000000000010', '50000000-0000-0000-0000-000000000010', 'BAT-EYEQ-001', '2025-12-01', '2027-06-01', 7.00, 12.00, 100, 92);

-- ─────────────────────────────────────────────────────────────────────────────
-- 18. PRESCRIPTIONS  (for completed appointments)
-- ─────────────────────────────────────────────────────────────────────────────
INSERT INTO prescriptions (id, hospital_id, prescription_number, appointment_id, patient_id, doctor_id, diagnosis, clinical_notes, advice, status, is_finalized, finalized_at, valid_until, created_by)
VALUES
    ('60000000-0000-0000-0000-000000000001', 'a0000000-0000-0000-0000-000000000001',
     'RX-2026-00001', '40000000-0000-0000-0000-000000000001',
     '30000000-0000-0000-0000-000000000001', '20000000-0000-0000-0000-000000000001',
     'Viral Fever with Headache', 'Patient presents with 3-day history of fever and headache. No signs of meningitis.',
     'Rest for 3 days. Drink plenty of fluids. Return if fever persists beyond 5 days.',
     'finalized', true, '2026-02-15 10:00:00+00', '2026-03-15',
     '10000000-0000-0000-0000-000000000003'),

    ('60000000-0000-0000-0000-000000000002', 'a0000000-0000-0000-0000-000000000001',
     'RX-2026-00002', '40000000-0000-0000-0000-000000000002',
     '30000000-0000-0000-0000-000000000002', '20000000-0000-0000-0000-000000000002',
     'Mild Angina Pectoris', 'ECG shows mild ST changes. Lipid panel ordered.',
     'Avoid strenuous exercise. Low-fat diet. Follow up in 2 weeks.',
     'finalized', true, '2026-02-15 11:00:00+00', '2026-03-15',
     '10000000-0000-0000-0000-000000000004'),

    ('60000000-0000-0000-0000-000000000003', 'a0000000-0000-0000-0000-000000000001',
     'RX-2026-00003', '40000000-0000-0000-0000-000000000005',
     '30000000-0000-0000-0000-000000000004', '20000000-0000-0000-0000-000000000001',
     'Upper Respiratory Tract Infection', 'Sore throat with mild pharyngeal erythema.',
     'Warm saline gargles 3 times daily. Adequate hydration.',
     'finalized', true, '2026-02-16 10:30:00+00', '2026-03-16',
     '10000000-0000-0000-0000-000000000003');

-- ─────────────────────────────────────────────────────────────────────────────
-- 19. PRESCRIPTION ITEMS
-- ─────────────────────────────────────────────────────────────────────────────
INSERT INTO prescription_items (prescription_id, medicine_id, medicine_name, generic_name, dosage, frequency, duration_value, duration_unit, route, instructions, quantity, display_order)
VALUES
    -- RX-2026-00001 (Viral Fever)
    ('60000000-0000-0000-0000-000000000001', '50000000-0000-0000-0000-000000000001',
     'Paracetamol 500mg', 'Paracetamol', '500mg', '1-0-1', 5, 'days', 'oral', 'After food', 10, 1),
    ('60000000-0000-0000-0000-000000000001', '50000000-0000-0000-0000-000000000007',
     'Cetirizine 10mg', 'Cetirizine', '10mg', '0-0-1', 5, 'days', 'oral', 'At bedtime', 5, 2),

    -- RX-2026-00002 (Angina)
    ('60000000-0000-0000-0000-000000000002', '50000000-0000-0000-0000-000000000004',
     'Atorvastatin 10mg', 'Atorvastatin', '10mg', '0-0-1', 30, 'days', 'oral', 'At bedtime after dinner', 30, 1),

    -- RX-2026-00003 (URTI)
    ('60000000-0000-0000-0000-000000000003', '50000000-0000-0000-0000-000000000001',
     'Paracetamol 500mg', 'Paracetamol', '500mg', '1-0-1', 3, 'days', 'oral', 'After food, if fever', 6, 1),
    ('60000000-0000-0000-0000-000000000003', '50000000-0000-0000-0000-000000000002',
     'Amoxicillin 250mg', 'Amoxicillin', '250mg', '1-0-1', 5, 'days', 'oral', 'After food', 10, 2),
    ('60000000-0000-0000-0000-000000000003', '50000000-0000-0000-0000-000000000009',
     'Cough Syrup DX', 'Dextromethorphan', '10ml', '1-1-1', 5, 'days', 'oral', '10ml three times daily', 1, 3);

-- ─────────────────────────────────────────────────────────────────────────────
-- 20. INVOICES  (for completed appointments)
-- ─────────────────────────────────────────────────────────────────────────────
INSERT INTO invoices (id, hospital_id, invoice_number, patient_id, appointment_id, invoice_type, invoice_date, subtotal, tax_amount, total_amount, paid_amount, balance_amount, status, created_by)
VALUES
    ('70000000-0000-0000-0000-000000000001', 'a0000000-0000-0000-0000-000000000001',
     'INV-2026-00001', '30000000-0000-0000-0000-000000000001', '40000000-0000-0000-0000-000000000001',
     'opd', '2026-02-15', 159.00, 7.95, 166.95, 166.95, 0.00, 'paid',
     '10000000-0000-0000-0000-000000000008'),

    ('70000000-0000-0000-0000-000000000002', 'a0000000-0000-0000-0000-000000000001',
     'INV-2026-00002', '30000000-0000-0000-0000-000000000002', '40000000-0000-0000-0000-000000000002',
     'opd', '2026-02-15', 315.00, 15.75, 330.75, 330.75, 0.00, 'paid',
     '10000000-0000-0000-0000-000000000008'),

    ('70000000-0000-0000-0000-000000000003', 'a0000000-0000-0000-0000-000000000001',
     'INV-2026-00003', '30000000-0000-0000-0000-000000000004', '40000000-0000-0000-0000-000000000005',
     'combined', '2026-02-16', 178.50, 8.93, 187.43, 187.43, 0.00, 'paid',
     '10000000-0000-0000-0000-000000000008');

-- ─────────────────────────────────────────────────────────────────────────────
-- 21. INVOICE ITEMS
-- ─────────────────────────────────────────────────────────────────────────────
INSERT INTO invoice_items (invoice_id, item_type, description, quantity, unit_price, tax_rate, tax_amount, total_price, display_order)
VALUES
    -- INV-2026-00001
    ('70000000-0000-0000-0000-000000000001', 'consultation', 'General Consultation - Dr. Smith', 1, 150.00, 5.00, 7.50, 157.50, 1),
    ('70000000-0000-0000-0000-000000000001', 'medicine', 'Paracetamol 500mg x10', 1, 5.00, 5.00, 0.25, 5.25, 2),
    ('70000000-0000-0000-0000-000000000001', 'medicine', 'Cetirizine 10mg x5', 1, 4.00, 5.00, 0.20, 4.20, 3),
    -- INV-2026-00002
    ('70000000-0000-0000-0000-000000000002', 'consultation', 'Cardiology Consultation - Dr. Patel', 1, 300.00, 5.00, 15.00, 315.00, 1),
    ('70000000-0000-0000-0000-000000000002', 'medicine', 'Atorvastatin 10mg x30', 1, 15.00, 5.00, 0.75, 15.75, 2),
    -- INV-2026-00003
    ('70000000-0000-0000-0000-000000000003', 'consultation', 'General Consultation - Dr. Smith', 1, 150.00, 5.00, 7.50, 157.50, 1),
    ('70000000-0000-0000-0000-000000000003', 'medicine', 'Paracetamol 500mg x6', 1, 5.00, 5.00, 0.25, 5.25, 2),
    ('70000000-0000-0000-0000-000000000003', 'medicine', 'Amoxicillin 250mg x10', 1, 12.00, 5.00, 0.60, 12.60, 3),
    ('70000000-0000-0000-0000-000000000003', 'medicine', 'Cough Syrup DX', 1, 8.50, 5.00, 0.43, 8.93, 4);

-- ─────────────────────────────────────────────────────────────────────────────
-- 22. PAYMENTS
-- ─────────────────────────────────────────────────────────────────────────────
INSERT INTO payments (id, hospital_id, payment_number, invoice_id, patient_id, amount, payment_mode, payment_date, payment_time, status, received_by)
VALUES
    ('80000000-0000-0000-0000-000000000001', 'a0000000-0000-0000-0000-000000000001',
     'PAY-2026-00001', '70000000-0000-0000-0000-000000000001', '30000000-0000-0000-0000-000000000001',
     166.95, 'cash', '2026-02-15', '10:30', 'completed', '10000000-0000-0000-0000-000000000008'),

    ('80000000-0000-0000-0000-000000000002', 'a0000000-0000-0000-0000-000000000001',
     'PAY-2026-00002', '70000000-0000-0000-0000-000000000002', '30000000-0000-0000-0000-000000000002',
     330.75, 'card', '2026-02-15', '11:30', 'completed', '10000000-0000-0000-0000-000000000008'),

    ('80000000-0000-0000-0000-000000000003', 'a0000000-0000-0000-0000-000000000001',
     'PAY-2026-00003', '70000000-0000-0000-0000-000000000003', '30000000-0000-0000-0000-000000000004',
     187.43, 'upi', '2026-02-16', '11:00', 'completed', '10000000-0000-0000-0000-000000000008');

-- ─────────────────────────────────────────────────────────────────────────────
-- 23. OPTICAL PRODUCTS  (sample inventory)
-- ─────────────────────────────────────────────────────────────────────────────
INSERT INTO optical_products (id, hospital_id, name, category, brand, model_number, selling_price, purchase_price, current_stock, reorder_level, tax_config_id)
VALUES
    ('90000000-0000-0000-0000-000000000001', 'a0000000-0000-0000-0000-000000000001',
     'Classic Round Frame', 'frame', 'RayBan', 'RB3447', 120.00, 80.00, 25, 5,
     'd0000000-0000-0000-0000-000000000001'),
    ('90000000-0000-0000-0000-000000000002', 'a0000000-0000-0000-0000-000000000001',
     'Aviator Frame', 'frame', 'RayBan', 'RB3025', 150.00, 100.00, 20, 5,
     'd0000000-0000-0000-0000-000000000001'),
    ('90000000-0000-0000-0000-000000000003', 'a0000000-0000-0000-0000-000000000001',
     'Single Vision Lens 1.56', 'lens', 'Essilor', 'SV-156', 60.00, 35.00, 50, 10,
     'd0000000-0000-0000-0000-000000000001'),
    ('90000000-0000-0000-0000-000000000004', 'a0000000-0000-0000-0000-000000000001',
     'Progressive Lens 1.67', 'lens', 'Essilor', 'PG-167', 180.00, 110.00, 30, 8,
     'd0000000-0000-0000-0000-000000000001'),
    ('90000000-0000-0000-0000-000000000005', 'a0000000-0000-0000-0000-000000000001',
     'Blue-Cut Anti-Reflective Coating', 'lens', 'Crizal', 'BC-AR', 80.00, 45.00, 40, 10,
     'd0000000-0000-0000-0000-000000000001'),
    ('90000000-0000-0000-0000-000000000006', 'a0000000-0000-0000-0000-000000000001',
     'Daily Contact Lens Pack', 'contact_lens', 'Acuvue', 'ACV-DAILY-30', 45.00, 28.00, 60, 15,
     'd0000000-0000-0000-0000-000000000001'),
    ('90000000-0000-0000-0000-000000000007', 'a0000000-0000-0000-0000-000000000001',
     'Lens Cleaning Solution 120ml', 'solution', 'ReNu', 'RENU-120', 12.00, 7.00, 100, 20,
     'd0000000-0000-0000-0000-000000000001');

-- ─────────────────────────────────────────────────────────────────────────────
-- 24. SUPPLIERS  (sample)
-- ─────────────────────────────────────────────────────────────────────────────
INSERT INTO suppliers (id, hospital_id, name, code, contact_person, phone, email, payment_terms, lead_time_days, rating)
VALUES
    ('a1000000-0000-0000-0000-000000000001', 'a0000000-0000-0000-0000-000000000001',
     'PharmaCorp Distributors', 'SUP-PHARM', 'John Hayes', '+12125556001', 'orders@pharmacorp.com',
     'Net 30', 5, 4.5),
    ('a1000000-0000-0000-0000-000000000002', 'a0000000-0000-0000-0000-000000000001',
     'MedSupply International', 'SUP-MED',  'Alice Wang', '+12125556002', 'sales@medsupply.com',
     'Net 15', 3, 4.2),
    ('a1000000-0000-0000-0000-000000000003', 'a0000000-0000-0000-0000-000000000001',
     'OptiVision Wholesale', 'SUP-OPT',  'Mark Rivera', '+12125556003', 'wholesale@optivision.com',
     'Net 30', 7, 4.0);

-- ─────────────────────────────────────────────────────────────────────────────
-- 25. INSURANCE PROVIDERS  (sample)
-- ─────────────────────────────────────────────────────────────────────────────
INSERT INTO insurance_providers (id, hospital_id, name, code, contact_person, phone, email)
VALUES
    ('a2000000-0000-0000-0000-000000000001', 'a0000000-0000-0000-0000-000000000001',
     'Blue Cross Blue Shield', 'BCBS', 'Claims Dept', '+18005551234', 'claims@bcbs.com'),
    ('a2000000-0000-0000-0000-000000000002', 'a0000000-0000-0000-0000-000000000001',
     'United Healthcare', 'UHC', 'Provider Relations', '+18005555678', 'providers@uhc.com'),
    ('a2000000-0000-0000-0000-000000000003', 'a0000000-0000-0000-0000-000000000001',
     'Aetna Insurance', 'AETNA', 'Network Services', '+18005559012', 'network@aetna.com');

-- ─────────────────────────────────────────────────────────────────────────────
-- 26. NOTIFICATION TEMPLATES
-- ─────────────────────────────────────────────────────────────────────────────
INSERT INTO notification_templates (hospital_id, code, channel, locale, subject, body_template)
VALUES
    ('a0000000-0000-0000-0000-000000000001', 'appointment_reminder',  'sms',    'en', NULL,
     'Reminder: Your appointment with Dr. {{doctor_name}} is on {{date}} at {{time}}. - HMS Core Hospital'),
    ('a0000000-0000-0000-0000-000000000001', 'appointment_reminder',  'email',  'en', 'Appointment Reminder - HMS Core Hospital',
     'Dear {{patient_name}},\n\nThis is a reminder for your appointment:\n\nDoctor: Dr. {{doctor_name}}\nDate: {{date}}\nTime: {{time}}\nDepartment: {{department}}\n\nPlease arrive 15 minutes early.\n\nRegards,\nHMS Core Hospital'),
    ('a0000000-0000-0000-0000-000000000001', 'prescription_ready',   'sms',    'en', NULL,
     'Your prescription {{rx_number}} is ready for pickup at HMS Core Hospital Pharmacy.'),
    ('a0000000-0000-0000-0000-000000000001', 'payment_receipt',      'email',  'en', 'Payment Receipt - {{invoice_number}}',
     'Dear {{patient_name}},\n\nPayment of {{amount}} received for invoice {{invoice_number}}.\n\nThank you,\nHMS Core Hospital'),
    ('a0000000-0000-0000-0000-000000000001', 'appointment_cancelled','email',  'en', 'Appointment Cancelled',
     'Dear {{patient_name}},\n\nYour appointment on {{date}} at {{time}} with Dr. {{doctor_name}} has been cancelled.\n\nReason: {{reason}}\n\nPlease contact reception to reschedule.\n\nRegards,\nHMS Core Hospital');

-- ─────────────────────────────────────────────────────────────────────────────
-- 27. ID SEQUENCES  (track current state)
-- ─────────────────────────────────────────────────────────────────────────────
INSERT INTO id_sequences (hospital_id, hospital_code, entity_type, role_gender_code, year_code, month_code, last_sequence)
VALUES
    ('a0000000-0000-0000-0000-000000000001', 'HC', 'patient', 'M', '26', '2', 147),   -- Last patient ID issued: HCM262...00147
    ('a0000000-0000-0000-0000-000000000001', 'HC', 'patient', 'F', '26', '1', 2),
    ('a0000000-0000-0000-0000-000000000001', 'HC', 'patient', 'M', '26', '1', 3),
    ('a0000000-0000-0000-0000-000000000001', 'HC', 'patient', 'F', '26', '2', 4),
    ('a0000000-0000-0000-0000-000000000001', 'HC', 'patient', 'M', '26', '3', 5),
    ('a0000000-0000-0000-0000-000000000001', 'HC', 'staff',   'A', '26', '1', 10),    -- Staff sequence
    ('a0000000-0000-0000-0000-000000000001', 'HC', 'staff',   'D', '26', '1', 5),     -- Doctor staff IDs
    ('a0000000-0000-0000-0000-000000000001', 'HC', 'staff',   'S', '26', '1', 9),
    ('a0000000-0000-0000-0000-000000000001', 'HC', 'staff',   'P', '26', '1', 7);

-- ─────────────────────────────────────────────────────────────────────────────
-- 28. SAMPLE AUDIT LOGS
-- ─────────────────────────────────────────────────────────────────────────────
INSERT INTO audit_logs (hospital_id, user_id, action, entity_type, entity_id, entity_name, ip_address, request_path)
VALUES
    ('a0000000-0000-0000-0000-000000000001', '10000000-0000-0000-0000-000000000001', 'login',  'user', '10000000-0000-0000-0000-000000000001', 'System Administrator', '192.168.1.100', '/api/v1/auth/login'),
    ('a0000000-0000-0000-0000-000000000001', '10000000-0000-0000-0000-000000000006', 'create', 'patient', '30000000-0000-0000-0000-000000000001', 'Rajesh Kumar', '192.168.1.101', '/api/v1/patients'),
    ('a0000000-0000-0000-0000-000000000001', '10000000-0000-0000-0000-000000000006', 'create', 'appointment', '40000000-0000-0000-0000-000000000001', 'APT-2026-00001', '192.168.1.101', '/api/v1/appointments'),
    ('a0000000-0000-0000-0000-000000000001', '10000000-0000-0000-0000-000000000003', 'create', 'prescription', '60000000-0000-0000-0000-000000000001', 'RX-2026-00001', '192.168.1.102', '/api/v1/prescriptions'),
    ('a0000000-0000-0000-0000-000000000001', '10000000-0000-0000-0000-000000000008', 'create', 'invoice', '70000000-0000-0000-0000-000000000001', 'INV-2026-00001', '192.168.1.103', '/api/v1/invoices');

-- ═══════════════════════════════════════════════════════════════════════════════
-- SEED DATA COMPLETE
-- ═══════════════════════════════════════════════════════════════════════════════
-- Summary:
--   • 3 hospitals (HMS Core, Apollo, Max)
--   • 3 hospital settings
--   • 10 departments (HMS Core)
--   • 5 tax configurations
--   • 9 system roles
--   • 37 permissions
--   • Role-permission mappings for all 9 roles
--   • 10 users (super admin + admin + 3 doctors + receptionist + pharmacist + cashier + optical + inventory)
--   • 3 doctors with schedules and fees
--   • 5 patients
--   • 5 appointments (3 completed, 2 scheduled)
--   • 3 prescriptions with items
--   • 10 medicines with batches
--   • 3 invoices with items and payments
--   • 7 optical products
--   • 3 suppliers
--   • 3 insurance providers
--   • 5 notification templates
--   • ID sequences
--   • Sample audit logs
-- ═══════════════════════════════════════════════════════════════════════════════
